,precision,recall,f1-score,support
0,0.7647058823529411,0.6666666666666666,0.7123287671232876,39.0
1,0.48,0.6,0.5333333333333333,20.0
accuracy,0.6440677966101694,0.6440677966101694,0.6440677966101694,0.6440677966101694
macro avg,0.6223529411764706,0.6333333333333333,0.6228310502283105,59.0
weighted avg,0.6681954137587238,0.6440677966101694,0.6516523488894048,59.0
