,precision,recall,f1-score,support
0,0.7582938388625592,0.8290155440414507,0.7920792079207921,193.0
1,0.5975609756097561,0.49,0.5384615384615384,100.0
accuracy,0.7133105802047781,0.7133105802047781,0.7133105802047781,0.7133105802047781
macro avg,0.6779274072361576,0.6595077720207254,0.6652703731911653,293.0
weighted avg,0.70343620635307,0.7133105802047781,0.7055202763647328,293.0
